SnapshotMonth,Rank,FighterID,FighterWeight,TotalFans,Wins,Knockouts,Losses,Draws
1990-01,1,81,,6963,25,5,0,0
1990-01,2,1,,5966,16,8,0,0
1990-01,3,41,,5837,21,8,0,0
1990-01,4,141,,5300,17,6,0,0
1990-01,5,42,,5133,16,8,0,0
1990-01,6,23,,4947,14,9,0,0
1990-01,7,83,,4898,20,5,0,0
1990-01,8,25,,4808,15,5,0,0
1990-01,9,43,,4431,16,5,0,0
1990-02,1,81,,7445,26,5,0,0
1990-02,2,41,,6564,22,8,0,0
1990-02,3,1,,5668,16,8,1,0
1990-02,4,23,,5582,15,9,0,0
1990-02,5,43,,5285,17,5,0,0
1990-02,6,42,,5216,16,8,0,1
1990-02,7,28,,5102,12,7,0,0
1990-02,8,125,,4990,13,4,0,0
1990-02,9,155,,4816,15,5,0,0
