SnapshotMonth,RankingType,WeightLimit,Rank,FighterID,FighterWeight,Wins,Knockouts,Losses,Draws,Title
1990-01,DIVISION,112,1,151,,10,5,0,0,0
1990-01,DIVISION,112,2,141,,17,6,0,0,0
1990-01,DIVISION,112,3,155,,14,5,0,0,0
1990-01,DIVISION,112,4,149,,11,2,0,0,0
1990-01,DIVISION,112,5,145,,17,6,0,0,0
1990-01,DIVISION,112,6,142,,17,2,0,0,0
1990-01,DIVISION,112,7,157,,11,4,0,0,0
1990-01,DIVISION,112,8,147,,11,3,0,0,0
1990-01,DIVISION,112,9,158,,8,2,0,0,0
1990-01,DIVISION,112,10,152,,7,2,0,0,0
1990-01,DIVISION,118,1,125,,12,4,0,0,0
1990-01,DIVISION,118,2,126,,10,5,0,0,0
1990-01,DIVISION,118,3,121,,19,6,0,0,0
1990-01,DIVISION,118,4,122,,18,2,0,0,0
1990-01,DIVISION,118,5,123,,16,4,0,0,0
1990-01,DIVISION,118,6,124,,14,2,0,0,0
1990-01,DIVISION,118,7,131,,8,3,0,0,0
1990-01,DIVISION,118,8,127,,8,2,0,0,0
1990-01,DIVISION,118,9,128,,8,1,0,0,0
1990-01,DIVISION,118,10,130,,5,2,0,0,0
1990-01,DIVISION,126,1,104,,12,4,0,0,0
1990-01,DIVISION,126,2,101,,19,5,0,0,0
1990-01,DIVISION,126,3,108,,15,12,0,0,0
1990-01,DIVISION,126,4,102,,13,4,0,0,0
1990-01,DIVISION,126,5,103,,13,2,0,0,0
1990-01,DIVISION,126,6,105,,11,2,0,0,0
1990-01,DIVISION,126,7,106,,9,1,0,0,0
1990-01,DIVISION,126,8,107,,9,1,0,0,0
1990-01,DIVISION,126,9,109,,3,1,0,0,0
1990-01,DIVISION,126,10,110,,3,0,0,0,0
1990-01,DIVISION,135,1,81,,25,5,0,0,0
1990-01,DIVISION,135,2,94,,7,2,0,0,0
1990-01,DIVISION,135,3,90,,9,3,0,0,0
1990-01,DIVISION,135,4,86,,14,4,0,0,0
1990-01,DIVISION,135,5,91,,9,2,0,0,0
1990-01,DIVISION,135,6,82,,20,7,0,0,0
1990-01,DIVISION,135,7,83,,20,5,0,0,0
1990-01,DIVISION,135,8,84,,14,7,0,0,0
1990-01,DIVISION,135,9,85,,15,3,0,0,0
1990-01,DIVISION,135,10,88,,11,5,0,0,0
1990-01,DIVISION,147,1,64,,9,3,0,0,0
1990-01,DIVISION,147,2,62,,12,5,0,0,0
1990-01,DIVISION,147,3,61,,16,4,0,0,0
1990-01,DIVISION,147,4,63,,10,2,0,0,0
1990-01,DIVISION,147,5,65,,9,3,0,0,0
1990-01,DIVISION,147,6,66,,9,3,0,0,0
1990-01,DIVISION,147,7,67,,8,2,0,0,0
1990-01,DIVISION,147,8,70,,7,4,0,0,0
1990-01,DIVISION,147,9,68,,6,1,0,0,0
1990-01,DIVISION,147,10,73,,4,4,0,0,0
1990-01,DIVISION,160,1,43,,16,5,0,0,0
1990-01,DIVISION,160,2,47,,12,5,0,0,0
1990-01,DIVISION,160,3,42,,16,8,0,0,0
1990-01,DIVISION,160,4,49,,8,2,0,0,0
1990-01,DIVISION,160,5,41,,21,8,0,0,0
1990-01,DIVISION,160,6,44,,15,3,0,0,0
1990-01,DIVISION,160,7,45,,14,3,0,0,0
1990-01,DIVISION,160,8,46,,13,5,0,0,0
1990-01,DIVISION,160,9,51,,13,3,0,0,0
1990-01,DIVISION,160,10,50,,7,2,0,0,0
1990-01,DIVISION,175,1,25,,15,5,0,0,0
1990-01,DIVISION,175,2,28,,11,6,0,0,0
1990-01,DIVISION,175,3,23,,14,9,0,0,0
1990-01,DIVISION,175,4,30,,9,3,0,0,0
1990-01,DIVISION,175,5,26,,14,5,0,0,0
1990-01,DIVISION,175,6,21,,18,3,0,0,0
1990-01,DIVISION,175,7,22,,16,4,0,0,0
1990-01,DIVISION,175,8,24,,15,6,0,0,0
1990-01,DIVISION,175,9,27,,13,2,0,0,0
1990-01,DIVISION,175,10,29,,10,3,0,0,0
1990-01,DIVISION,300,1,1,,16,8,0,0,0
1990-01,DIVISION,300,2,2,,10,4,0,0,0
1990-01,DIVISION,300,3,3,,7,2,0,0,0
1990-01,DIVISION,300,4,4,,5,2,0,0,0
1990-01,DIVISION,300,5,5,,3,0,0,0,0
1990-01,DIVISION,300,6,6,,2,0,0,0,0
1990-01,DIVISION,300,7,7,,1,0,0,0,0
1990-01,DIVISION,300,8,8,,0,0,0,0,0
1990-01,DIVISION,300,9,9,,0,0,0,0,0
1990-01,DIVISION,300,10,10,,0,0,0,0,0
1990-01,P4P,,1,81,,25,5,0,0,0
1990-01,P4P,,2,41,,21,8,0,0,0
1990-01,P4P,,3,82,,20,7,0,0,0
1990-01,P4P,,4,83,,20,5,0,0,0
1990-01,P4P,,5,121,,19,6,0,0,0
1990-01,P4P,,6,101,,19,5,0,0,0
1990-01,P4P,,7,108,,15,12,0,0,0
1990-01,P4P,,8,141,,17,6,0,0,0
1990-01,P4P,,9,145,,17,6,0,0,0
1990-01,P4P,,10,21,,18,3,0,0,0
1990-01,P4P,,11,1,,16,8,0,0,0
1990-01,P4P,,12,42,,16,8,0,0,0
1990-01,P4P,,13,122,,18,2,0,0,0
1990-01,P4P,,14,43,,16,5,0,0,0
1990-01,P4P,,15,142,,17,2,0,0,0
1990-02,DIVISION,112,1,151,,11,5,0,0,0
1990-02,DIVISION,112,2,155,,15,5,0,0,0
1990-02,DIVISION,112,3,141,,17,6,1,0,0
1990-02,DIVISION,112,4,156,,6,0,0,0,0
1990-02,DIVISION,112,5,157,,11,4,0,1,0
1990-02,DIVISION,112,6,159,,1,0,0,0,0
1990-02,DIVISION,112,7,142,,17,2,0,0,0
1990-02,DIVISION,112,8,147,,11,3,0,0,0
1990-02,DIVISION,112,9,158,,8,2,0,0,0
1990-02,DIVISION,112,10,149,,11,2,0,1,0
1990-02,DIVISION,118,1,125,,13,4,0,0,0
1990-02,DIVISION,118,2,124,,15,2,0,0,0
1990-02,DIVISION,118,3,126,,10,5,1,0,0
1990-02,DIVISION,118,4,134,,1,0,0,0,0
1990-02,DIVISION,118,5,121,,19,6,0,0,0
1990-02,DIVISION,118,6,123,,16,4,0,0,0
1990-02,DIVISION,118,7,131,,8,3,0,0,0
1990-02,DIVISION,118,8,127,,8,2,0,0,0
1990-02,DIVISION,118,9,128,,8,1,0,0,0
1990-02,DIVISION,118,10,130,,5,2,0,0,0
1990-02,DIVISION,126,1,104,,13,4,0,0,0
1990-02,DIVISION,126,2,120,,1,0,0,0,0
1990-02,DIVISION,126,3,108,,15,12,0,0,0
1990-02,DIVISION,126,4,102,,13,4,0,0,0
1990-02,DIVISION,126,5,103,,13,2,0,0,0
1990-02,DIVISION,126,6,105,,11,2,0,0,0
1990-02,DIVISION,126,7,106,,9,1,0,0,0
1990-02,DIVISION,126,8,107,,9,1,0,0,0
1990-02,DIVISION,126,9,109,,3,1,0,0,0
1990-02,DIVISION,126,10,110,,3,0,0,0,0
1990-02,DIVISION,135,1,81,,26,5,0,0,0
1990-02,DIVISION,135,2,87,,14,4,0,0,0
1990-02,DIVISION,135,3,89,,12,2,0,0,0
1990-02,DIVISION,135,4,90,,9,3,0,0,0
1990-02,DIVISION,135,5,91,,9,2,0,0,0
1990-02,DIVISION,135,6,100,,1,0,0,0,0
1990-02,DIVISION,135,7,83,,20,5,0,0,0
1990-02,DIVISION,135,8,82,,20,7,0,1,0
1990-02,DIVISION,135,9,84,,14,7,0,0,0
1990-02,DIVISION,135,10,85,,15,3,0,0,0
1990-02,DIVISION,147,1,64,,10,3,0,0,0
1990-02,DIVISION,147,2,66,,10,3,0,0,0
1990-02,DIVISION,147,3,69,,5,1,0,0,0
1990-02,DIVISION,147,4,71,,4,0,0,0,0
1990-02,DIVISION,147,5,62,,12,5,1,0,0
1990-02,DIVISION,147,6,63,,10,2,0,0,0
1990-02,DIVISION,147,7,67,,8,2,0,0,0
1990-02,DIVISION,147,8,65,,9,3,0,1,0
1990-02,DIVISION,147,9,72,,3,0,0,0,0
1990-02,DIVISION,147,10,68,,6,1,0,1,0
1990-02,DIVISION,160,1,43,,17,5,0,0,0
1990-02,DIVISION,160,2,41,,22,8,0,0,0
1990-02,DIVISION,160,3,42,,16,8,0,0,0
1990-02,DIVISION,160,4,49,,8,2,0,0,0
1990-02,DIVISION,160,5,59,,1,0,0,0,0
1990-02,DIVISION,160,6,60,,1,0,0,0,0
1990-02,DIVISION,160,7,53,,1,0,0,0,0
1990-02,DIVISION,160,8,38,,1,0,0,0,0
1990-02,DIVISION,160,9,44,,15,3,0,0,0
1990-02,DIVISION,160,10,45,,14,3,0,0,0
1990-02,DIVISION,175,1,28,,12,7,0,0,0
1990-02,DIVISION,175,2,23,,15,9,0,0,0
1990-02,DIVISION,175,3,33,,6,1,0,0,0
1990-02,DIVISION,175,4,29,,11,3,0,0,0
1990-02,DIVISION,175,5,25,,15,5,1,0,0
1990-02,DIVISION,175,6,32,,6,1,0,0,0
1990-02,DIVISION,175,7,34,,6,0,0,0,0
1990-02,DIVISION,175,8,26,,14,5,0,0,0
1990-02,DIVISION,175,9,30,,9,3,1,0,0
1990-02,DIVISION,175,10,21,,18,3,0,0,0
1990-02,DIVISION,300,1,2,,11,4,0,0,0
1990-02,DIVISION,300,2,1,,16,8,1,0,0
1990-02,DIVISION,300,3,3,,8,2,0,0,0
1990-02,DIVISION,300,4,17,,1,0,0,0,0
1990-02,DIVISION,300,5,19,,1,0,0,0,0
1990-02,DIVISION,300,6,7,,2,0,0,0,0
1990-02,DIVISION,300,7,6,,2,0,0,0,0
1990-02,DIVISION,300,8,8,,0,0,0,1,0
1990-02,DIVISION,300,9,5,,3,0,0,1,0
1990-02,DIVISION,300,10,9,,0,0,0,1,0
1990-02,P4P,,1,81,,26,5,0,0,0
1990-02,P4P,,2,41,,22,8,0,0,0
1990-02,P4P,,3,83,,20,5,0,0,0
1990-02,P4P,,4,121,,19,6,0,0,0
1990-02,P4P,,5,43,,17,5,0,0,0
1990-02,P4P,,6,23,,15,9,0,0,0
1990-02,P4P,,7,108,,15,12,0,0,0
1990-02,P4P,,8,21,,18,3,0,0,0
1990-02,P4P,,9,155,,15,5,0,0,0
1990-02,P4P,,10,42,,16,8,0,0,0
1990-02,P4P,,11,82,,20,7,0,1,0
1990-02,P4P,,12,124,,15,2,0,0,0
1990-02,P4P,,13,142,,17,2,0,0,0
1990-02,P4P,,14,22,,16,4,0,0,0
1990-02,P4P,,15,123,,16,4,0,0,0
