FightID,RedCornerFighterID,BlueCornerFighterID,WeightClass,Date,Championship,Status
000001,104,101,126,06-01-1990,0,Evented
000002,43,47,160,06-01-1990,0,Evented
000003,151,141,112,06-01-1990,0,Evented
000004,1,2,300,06-01-1990,0,Evented
000005,28,25,175,06-01-1990,0,Evented
000006,81,94,135,06-01-1990,0,Evented
000007,125,126,118,06-01-1990,0,Evented
000008,64,62,147,06-01-1990,0,Evented
000009,3,4,300,06-01-1990,0,Evented
00000A,145,155,112,06-01-1990,0,Evented
00000B,149,157,112,06-01-1990,0,Evented
00000C,41,46,160,06-01-1990,0,Evented
00000D,89,86,135,06-01-1990,0,Evented
00000E,10,7,300,06-01-1990,0,Evented
00000F,69,70,147,06-01-1990,0,Evented
000010,35,33,175,06-01-1990,0,Evented
000011,17,12,300,06-01-1990,0,Evented
000012,120,114,126,06-01-1990,0,Evented
000013,59,58,160,06-01-1990,0,Evented
000014,100,98,135,06-01-1990,0,Evented
