FighterID,Wins,Knockouts,Losses,Draws
1,16,8,1,0
2,11,4,0,0
3,8,2,0,0
4,5,2,1,0
5,3,0,0,1
6,2,0,0,0
7,2,0,0,0
8,0,0,0,1
9,0,0,0,1
10,0,0,1,0
11,0,0,0,1
12,0,0,1,0
13,0,0,0,0
14,0,0,1,0
15,0,0,0,0
16,0,0,0,0
17,1,0,0,0
18,0,0,0,0
19,1,0,0,0
20,0,0,0,0
21,18,3,0,0
22,16,4,1,0
23,15,9,0,0
24,16,6,0,0
25,15,5,1,0
26,14,5,0,0
27,13,2,1,0
28,12,7,0,0
29,11,3,0,0
30,9,3,1,0
31,7,2,1,0
32,6,1,0,0
33,6,1,0,0
34,6,0,0,0
35,3,0,1,0
36,0,0,1,0
37,0,0,0,0
38,1,0,0,0
39,0,0,1,0
40,0,0,0,0
41,22,8,0,0
42,16,8,0,1
43,17,5,0,0
44,15,3,0,0
45,14,3,0,1
46,13,5,1,0
47,12,5,1,0
48,10,1,1,0
49,8,2,0,0
50,8,2,0,0
51,13,3,0,0
52,5,1,1,0
53,1,0,0,0
54,1,0,0,0
55,0,0,1,0
56,0,0,1,0
57,0,0,0,0
58,0,0,1,0
59,1,0,0,0
60,1,0,0,0
61,16,4,1,0
62,12,5,1,0
63,10,2,0,0
64,10,3,0,0
65,9,3,0,1
66,10,3,0,0
67,8,2,0,0
68,6,1,0,1
69,5,1,0,0
70,7,4,1,0
71,4,0,0,0
72,4,0,0,0
73,4,4,1,0
74,0,0,0,0
75,0,0,1,0
76,0,0,0,0
77,0,0,0,0
78,0,0,0,0
79,0,0,0,0
80,0,0,0,0
81,26,5,0,0
82,20,7,0,1
83,20,5,1,0
84,14,7,1,0
85,16,3,0,0
86,14,4,1,0
87,14,4,0,0
88,11,5,0,1
89,12,2,0,0
90,10,3,0,0
91,9,2,1,0
92,8,3,0,0
93,8,2,0,0
94,7,2,1,0
95,1,0,0,0
96,0,0,1,0
97,0,0,0,0
98,0,0,1,0
99,0,0,0,0
100,1,0,0,0
101,19,5,0,0
102,13,4,1,0
103,13,2,1,0
104,12,4,0,0
105,11,2,1,0
106,10,1,0,0
107,10,1,0,0
108,16,12,0,0
109,4,1,0,0
110,3,0,0,0
111,0,0,1,0
112,0,0,1,0
113,0,0,0,0
114,0,0,1,0
115,0,0,1,0
116,1,0,0,0
117,0,0,0,0
118,0,0,0,0
119,1,0,0,0
120,1,0,0,0
121,19,6,0,0
122,18,2,1,0
123,16,4,0,0
124,15,2,0,0
125,13,4,0,0
126,10,5,1,0
127,8,2,1,0
128,8,1,0,0
129,5,1,0,0
130,5,2,0,1
131,9,3,0,0
132,0,0,1,0
133,0,0,0,1
134,1,0,0,0
135,0,0,1,0
136,1,0,0,0
137,0,0,0,0
138,0,0,0,0
139,0,0,1,0
140,1,0,0,0
141,17,6,1,0
142,18,2,0,0
143,3,0,0,0
144,0,0,1,0
145,17,6,1,0
146,0,0,0,0
147,11,3,1,0
148,0,0,0,0
149,11,2,0,1
150,5,1,0,0
151,11,5,0,0
152,7,2,1,0
153,7,1,1,0
154,0,0,0,0
155,15,5,0,0
156,6,0,0,0
157,11,4,0,1
158,8,2,1,0
159,1,0,0,0
160,4,3,0,0
